{"cameraMode":{"drawMode":0,"name":"Shaded","section":"Shading Mode"},"sceneLighting":true,"audioPlay":false,"sceneViewState":{"showFog":true,"showMaterialUpdate":false,"showSkybox":true,"showFlares":true,"showImageEffects":true,"showParticleSystems":true},"in2DMode":false,"pivot":{"x":-0.051367804408073428,"y":1.453007698059082,"z":0.2904338836669922},"rotation":{"x":0.09883739799261093,"y":-0.004477952141314745,"z":0.00044477166375145316,"w":0.9950932860374451},"size":24.298248291015626,"orthographic":false}