{"cameraMode":{"drawMode":0,"name":"Shaded","section":"Shading Mode"},"sceneLighting":true,"audioPlay":false,"sceneViewState":{"m_AlwaysRefresh":false,"showFog":true,"showSkybox":true,"showFlares":true,"showImageEffects":true,"showParticleSystems":true,"showVisualEffectGraphs":true,"m_FxEnabled":true},"in2DMode":false,"pivot":{"x":-0.1649080514907837,"y":1.4530081748962403,"z":0.28923797607421877},"rotation":{"x":0.09883661568164826,"y":-0.005970586556941271,"z":0.0005930272163823247,"w":0.9950854182243347},"size":20.0884952545166,"orthographic":false}